[{"model": "main.testcategory", "pk": 1, "fields": {"name": "Биохимические исследования", "description": null}}, {"model": "main.testcategory", "pk": 2, "fields": {"name": "Гормональные исследования", "description": null}}, {"model": "main.testcategory", "pk": 3, "fields": {"name": "Онкомаркёры", "description": null}}, {"model": "main.testcategory", "pk": 4, "fields": {"name": "Микроэлементы", "description": null}}, {"model": "main.test", "pk": 2, "fields": {"article": "65", "name": "Кортизол (Гидрокортизон, Cortisol)", "description": "Для диагностики и динамического наблюдения терапии болезни и синдрома Иценко-Кушинга, болезни Аддисона.", "test_category": 2, "deadline": 1, "price": 745}}, {"model": "main.test", "pk": 3, "fields": {"article": "52", "name": "Трийодтиронин общий (Т3 общий, Total Triiodthyronine, TT3)", "description": "Используется в комплексной диагностике и мониторинге лечения тиреотоксикоза и гипотиреоза.", "test_category": 2, "deadline": 1, "price": 715}}, {"model": "main.test", "pk": 4, "fields": {"article": "1158", "name": "Трофобластный гормон (ТБГ)", "description": "Для ранней диагностики и мониторинга течения беременности, при диагностике патологий развития плода, при диганостике онкологических болезней матки и яиников", "test_category": 2, "deadline": 5, "price": 675}}, {"model": "main.test", "pk": 5, "fields": {"article": "172", "name": "Инсулин (Insulin)", "description": "Используется в комплексном обследовании пациентов с метаболическим синдромом, в обследовании женщин с синдромом поликистозных яичников.", "test_category": 2, "deadline": 1, "price": 940}}, {"model": "main.test", "pk": 6, "fields": {"article": "28", "name": "Общий белок (в крови) (Protein total)", "description": "Общий белок выступает показателем белкового обмена, отражающим содержание всех фракций белков в сыворотке крови.", "test_category": 1, "deadline": 1, "price": 385}}, {"model": "main.test", "pk": 7, "fields": {"article": "31", "name": "Холестерин общий (холестерин, Cholesterol total)", "description": "Оценку уровня холестерина в сыворотке крови используют для оценки сердечно-сосудистых рисков, в диагностике нарушений обмена липидов, а также в комплексных обследованиях пациентов", "test_category": 1, "deadline": 1, "price": 390}}, {"model": "main.test", "pk": 8, "fields": {"article": "22", "name": "Креатинин (в крови) (Creatinine)", "description": "Креатинин – продукт метаболизма мышечных клеток, удаляется из крови почками. Тест используют в качестве маркера функции почек для диагностики и мониторинга острых и хронических болезней почек", "test_category": 1, "deadline": 1, "price": 385}}, {"model": "main.test", "pk": 9, "fields": {"article": "1033", "name": "Железо, моча (Iron, urine; Fe)", "description": "Измерение концентрации железа в моче можно использовать для диагностики некоторых заболеваний, при определении баланса железа в организме.", "test_category": 4, "deadline": 6, "price": 370}}, {"model": "main.test", "pk": 10, "fields": {"article": "1083", "name": "Кальций, ногти (Calcium, nails; Ca)", "description": "Определение содержания кальция в ногтях используют при подозрении на дисбаланс минералов, а также в диагностике хронических нарушений обмена кальция.", "test_category": 4, "deadline": 6, "price": 370}}, {"model": "main.test", "pk": 11, "fields": {"article": "1003", "name": "Магний, волосы (Magnesium, hair; Mg)", "description": "Определение концентрации магния в волосах используют при подозрении на минеральный дисбаланс и при диагностике нарушений обмена этого макроэлемента.", "test_category": 4, "deadline": 6, "price": 370}}, {"model": "main.test", "pk": 12, "fields": {"article": "1118", "name": "Таллий, сыворотка (Thallium, serum; Tl)", "description": "Содержание таллия в сыворотке крови исследуют при подозрении на наличие дисбаланса микроэлементов, а также для диагностики острой и хронической интоксикации таллием.", "test_category": 4, "deadline": 6, "price": 370}}, {"model": "main.test", "pk": 13, "fields": {"article": "142", "name": "CA 15-3 (Антиген раковый 15-3, Cancer Antigen 15-3)", "description": "CA 153 – опухолевый маркёр, используемый при мониторинге течения и оценке эффективности терапии карциномы молочной железы.", "test_category": 3, "deadline": 1, "price": 1045}}, {"model": "main.test", "pk": 14, "fields": {"article": "209", "name": "Нейронспецифическая энолаза (NSE, Neuron-Specific Enolase)", "description": "Нейронспецифическая энолаза – маркёр нейроэндокринных опухолей.", "test_category": 3, "deadline": 1, "price": 2065}}, {"model": "main.diagnosticcategory", "pk": 1, "fields": {"name": "Магнитно-резонансная томография", "description": "Магнитно-резонансная томография – один из высокоинформативных и при этом безопасных методов исследования органов и систем человека, при проведении которого используют магнитное поле.\r\n\r\nС помощью МРТ можно детально визуализировать мягкие ткани. Этот метод незаменим в диагностике изменений в тканях головного мозга, опухолевых, дегенеративных и воспалительных заболеваний костей и суставов, позвоночника, межпозвонковых дисков. Кроме того, МРТ является информативным методом исследования для органов малого таза и сосудов.\r\n\r\nВ нашем диагностическом центре вы можете сделать МРТ на современном томографе. Для повышения визуализации проводятся исследования с применением контрастного вещества.\r\n\r\nОборудование:\r\n\r\nGE Signa Voayger, год выпуска 2020. Мощность томографа - 1,5 Тесла. Аппарат закрытого типа. Максимальный вес пациента - 150 кг., объем талии/груди не имеет значения."}}, {"model": "main.diagnosticcategory", "pk": 2, "fields": {"name": "Компьютерная томография", "description": "Компьютерная томография – это медицинское исследование с применением компьютерного рентгеновского томографа. При помощи КТ можно наиболее точно визуализировать органы с высокой плотностью ткани (печень, почки) или содержащие газ (легкие, придаточные пазухи носа). Метод позволяет детально рассмотреть границу тканей с разной плотностью, анатомические детали относительно небольших органов, органы малого таза (матка, маточные трубы, простата, мочеточники и т.д.).\r\n\r\nНаш диагностический центр использует 16-срезовый спиральный компьютерный томограф для сканирования всего тела, что позволяет диагностировать онкологические заболевания, обнаружить полипы и кистозные образования, оценить последствия травм и оперативного вмешательства.\r\n\r\nДля повышения визуализации КТ в нашем диагностическом центре проводятся исследования с применением контрастного вещества.\r\n\r\nОборудование: General Electric Optima CT 520. 16-срезовый спиральный компьютерный томограф для сканирования тела: снижена лучевая нагрузка с сохранением качества изображения, высокая скорость сканирования (одна анатомическая область за 40-45 сек), отслеживание контрастного вещества в реальном времени.\r\n\r\nМаксимальный вес пациента – 110 кг."}}, {"model": "main.diagnosticcategory", "pk": 3, "fields": {"name": "Рентген", "description": "Рентгенография – это один из самых распространенных видов медицинского обследования, основанный на прохождении рентгеновских лучей через тело человека с последующим выявлением очага заболевания. Это безболезненный и доступный метод сканирования, который помогает диагностировать заболевания органов и систем различного характера (воспалительного, посттравматического, дегенеративно-дистрофического).\r\n\r\nНа рентгеновском снимке врач видит внутреннюю структуру исследуемого объекта. Чем выше плотность тканей, тем светлее изображение. На снимках можно увидеть отклонения от анатомической нормы: скопления жидкости, метастазы, кальцинированные очаги (при туберкулезе), изменения в форме и структуре костных и мягких тканей. На основании полученных данных врач может диагностировать заболевание и его стадию.\r\n\r\nВ нашем диагностическом центре рентгенография проводится на современном цифровом аппарате, лучевая нагрузка при сохранении качества изображения снижена до 30% (сравнимо с дозой облучения, получаемой в обычной жизни за 10 дней). Подходит для людей, чувствительных к излучению.\r\n\r\nОборудование: General Electric Brivo DR-F, год выпуска – 2014. Цифровая высокоинформативная рентгенографическая система: лучевая нагрузка снижена до 30% с сохранением качества изображения, дает 10-кратное увеличение полученных снимков для постановки точного диагноза.\r\n\r\nМаксимальный вес пациента – 180 кг."}}, {"model": "main.diagnosticcategory", "pk": 4, "fields": {"name": "Денситометрия", "description": "Денситометрия – это вид рентгенологического исследования, который позволяет не только диагностировать остеопороз, но и количественно оценить минеральную плотность костной ткани с точностью до 95-99%. Это дает возможность поставить объективный диагноз и назначить адекватное лечение.\r\n\r\nДоза облучения при денситометрии очень низка. Излучение современных денситометров находится в пределах естественного фона, что делает медицинское обследование безвредным для пациента любого возраста. Вы можете пройти денситометрию в нашем диагностическом центре.\r\n\r\nОборудование: General Electric Prodigy Advance. Современная интеллектуальная денситометрическая система: высокое качество изображения, точные геометрические измерения, ранняя диагностика остеопороза, оценка минеральной плотности костной ткани и состава тела (мышечной массы, жидкости и жира), обследование пациентов с эндопротезами.\r\n\r\nМаксимальный вес пациента – 130 кг."}}, {"model": "main.diagnostic", "pk": 1, "fields": {"article": "KT31", "name": "КТ головного мозга и черепа", "description": "Сканирование головного мозга, черепа и окружающих их тканей, позволяющее диагностировать различные патологии.", "test_category": 2, "price": 4890}}, {"model": "main.diagnostic", "pk": 2, "fields": {"article": "MRT01", "name": "МРТ головного мозга", "description": "Безопасное и информативное сканирование структур головного мозга для диагностики его патологий.", "test_category": 1, "price": 5790}}, {"model": "main.diagnostic", "pk": 3, "fields": {"article": "MRT32", "name": "МРТ головного мозга и шейного отдела позвоночника", "description": "Сканирование шейного отдела позвоночника и головного мозга для постановки диагноза и выбора оптимального варианта лечения.", "test_category": 1, "price": 10890}}, {"model": "main.diagnostic", "pk": 4, "fields": {"article": "R03", "name": "Рентгенография всего черепа, в одной или более проекциях", "description": "Рентгенологическое исследование черепа для выявления нарушений структуры и целостности костей черепа различной природы.", "test_category": 3, "price": 2290}}, {"model": "main.diagnostic", "pk": 5, "fields": {"article": "R06", "name": "Рентгенография сосцевидных отростков", "description": "Рентгенологическое исследование сосцевидного отростка височной кости для оценки его целостности и выявления другой патологии.", "test_category": 3, "price": 2290}}, {"model": "main.diagnostic", "pk": 6, "fields": {"article": "R07", "name": "Рентгенография глазницы", "description": "Рентгенологическое исследование глазницы с целью диагностического поиска патологии, в том числе травматического генеза.", "test_category": 3, "price": 2290}}, {"model": "main.diagnostic", "pk": 8, "fields": {"article": "R36", "name": "Рентгенография плечевого сустава", "description": "Рентгенологические исследования суставов предназначены для поиска травм и других патологических изменений.", "test_category": 3, "price": 2390}}, {"model": "main.diagnostic", "pk": 9, "fields": {"article": "D07", "name": "Денситометрия двух тазобедренных суставов", "description": "Метод исследования, применяемый для выявления нарушений минерализации костной ткани, диагностики остеопороза и контроля результатов его лечения.", "test_category": 4, "price": 2690}}, {"model": "main.diagnostic", "pk": 10, "fields": {"article": "D08", "name": "Рентгеноденситометрия поясничного отдела позвоночника", "description": "Денситометрия позвоночника – исследование, позволяющее обнаружить первые признаки остеопороза.", "test_category": 4, "price": 2690}}, {"model": "main.diagnostic", "pk": 11, "fields": {"article": "MRT16", "name": "МРТ пояснично-крестцового отдела позвоночника", "description": "Диагностическое исследование, позволяющее определить патологии пояснично-крестцового отдела позвоночника и окружающих его тканей.", "test_category": 1, "price": 5990}}, {"model": "main.diagnostic", "pk": 12, "fields": {"article": "KT03", "name": "КТ грудного отдела позвоночника", "description": "Исследование для диагностики патологий грудного отдела позвоночника.", "test_category": 2, "price": 4890}}, {"model": "main.medicalresult", "pk": 14, "fields": {"user": 16, "doctor": 33, "description": "Общий осмотр", "prescription": "Рекомендуются занятия бегом на пульсе 120 ударов.\r\nДва раза в неделю примерно 3 км", "comments": "", "created_date": "2024-03-04T06:13:30.491Z", "modified_date": "2024-03-06T17:36:04.344Z"}}, {"model": "main.medicalresult", "pk": 15, "fields": {"user": 16, "doctor": 33, "description": "Общий белок", "prescription": "", "comments": "", "created_date": "2024-03-05T07:26:04.568Z", "modified_date": "2024-03-06T17:42:24.030Z"}}, {"model": "main.medicalresult", "pk": 17, "fields": {"user": 50, "doctor": 36, "description": "МРТ головного мозга", "prescription": "", "comments": "Всё в норме", "created_date": "2024-03-04T17:30:29.396Z", "modified_date": "2024-03-05T17:30:29.396Z"}}, {"model": "main.medicalresult", "pk": 18, "fields": {"user": 49, "doctor": 36, "description": "Анализ железа в моче", "prescription": "", "comments": "Всё ок", "created_date": "2024-03-05T17:45:04.247Z", "modified_date": "2024-03-05T17:45:04.247Z"}}, {"model": "main.medicalresult", "pk": 25, "fields": {"user": 49, "doctor": 36, "description": "Общее состояние", "prescription": "Принимать витамин D3 2000 IU - длительно\r\n(утром после еды)", "comments": "", "created_date": "2024-03-05T18:09:03.431Z", "modified_date": "2024-03-05T18:09:03.431Z"}}, {"model": "main.medicalresult", "pk": 26, "fields": {"user": 48, "doctor": 34, "description": "Кортизол", "prescription": "Пока ничего", "comments": "", "created_date": "2024-03-05T18:23:16.921Z", "modified_date": "2024-03-06T13:19:07.203Z"}}, {"model": "main.medicalresult", "pk": 27, "fields": {"user": 16, "doctor": 34, "description": "Общий осмотр", "prescription": "Переутомление.\r\nНеобходим отпуск", "comments": "", "created_date": "2024-03-06T12:45:37.049Z", "modified_date": "2024-03-06T12:52:18.103Z"}}, {"model": "main.medicalresult", "pk": 28, "fields": {"user": 50, "doctor": 34, "description": "Анализ на кальций", "prescription": "Пропить месячный курс кальция", "comments": "", "created_date": "2024-03-06T13:36:11.050Z", "modified_date": "2024-03-06T13:36:35.928Z"}}, {"model": "main.medicalresultfile", "pk": 3, "fields": {"medical_result": 17, "file_description": "МРТ мозга", "file": "medical_results/mrt-golovnogo-mozga.jpg.jpeg"}}, {"model": "main.medicalresultfile", "pk": 4, "fields": {"medical_result": 18, "file_description": "Железо в моче", "file": "medical_results/iron-urina.pdf"}}, {"model": "main.medicalresultfile", "pk": 16, "fields": {"medical_result": 26, "file_description": "Анализ кортизола", "file": "medical_results/cortisol.pdf"}}, {"model": "main.medicalresultfile", "pk": 17, "fields": {"medical_result": 28, "file_description": "Анализ кальция в ногтях", "file": "medical_results/calcium.pdf"}}, {"model": "main.medicalresultfile", "pk": 19, "fields": {"medical_result": 15, "file_description": "Анализ белков", "file": "medical_results/belok.pdf"}}]
